city,theatre_name,average_ticket_price,total_seats,no_screens,type,lat,lon,source_of_information
Ahmedabad,"AB Miniplex: Shivranjini Cross Road, Satellite",125.6190476,302,3,1,23.02494,72.52938,BookMyShow
Ahmedabad,Amber Cinema: Ahmedabad,100.8333333,763,1,0,23.03431,72.62002,BookMyShow
Ahmedabad,Anupam Cinema: Ahmedabad,125.8333333,781,1,0,23.00656,72.61333,BookMyShow
Ahmedabad,"Apsara Cinema, Behrampura",149.09491512148148,1117,1,0,23.0039742,72.597468,MediaAnt
Ahmedabad,"Aradhana Cinema, Behrampura",149.09491512148148,455,1,0,23.00396,72.5975195,MediaAnt
Ahmedabad,Carnival: Himalaya Mall,189.0509259,1110,5,1,23.04708,72.53093,"BookMyShow, MediaAnt"
Ahmedabad,"Cinemax: Dev Arc, Ahmedabad",176.4351852,1047,4,1,23.02573,72.50776,BookMyShow
Ahmedabad,"Cinemax: Red Carpet, Ahmedabad",152.0524691,991,4,1,23.07968,72.5277,BookMyShow
Ahmedabad,"Cinemax: Shiv, Ahmedabad",176.2777778,637,3,1,23.03188,72.57103,BookMyShow
Ahmedabad,"Cinepolis: Alpha One Mall, Ahmedabad",197.9494949,1136,6,1,23.03952,72.53199,"BookMyShow, MediaAnt"
Ahmedabad,City Gold Satellite: Ahmedabad,156.1458333,371,4,1,23.01568,72.52992,BookMyShow
Ahmedabad,City Gold: Ashram Road,159.9814815,1313,5,1,23.0319,72.56999,"BookMyShow, MediaAnt"
Ahmedabad,City Gold: Bapunagar,101.1666667,419,4,1,23.03743,72.61513,"BookMyShow, MediaAnt"
Ahmedabad,City Gold: Bopal,152.3571429,462,4,1,23.02869,72.47856,BookMyShow
Ahmedabad,City Gold: Motera,111.5,728,2,1,23.09203,72.59319,BookMyShow
Ahmedabad,Devi Multiplex: Naroda,94.77777778,804,3,1,23.07253,72.64998,"BookMyShow, MediaAnt"
Ahmedabad,"Galaxy, Station Road",149.09491512148148,909,1,0,23.0748037,72.6554437,MediaAnt
Ahmedabad,"Hanjar Cinema, Gandhi Ashram",149.09491512148148,995,1,0,23.0263983,72.6040875,MediaAnt
Ahmedabad,K Sera Sera: SG Highway,155.2083333,152,2,1,23.02873,72.50858,BookMyShow
Ahmedabad,"Mira Cinema, Bhairavnath Road",149.09491512148148,1028,1,0,22.9972166,72.5927863,MediaAnt
Ahmedabad,Miraj Cinemas Cine Pride: Krishna Nagar,105.5,829,4,1,23.05369,72.64335,BookMyShow
Ahmedabad,"Miraj Cinemas: Vitthal Plaza, New Naroda",150.4583333,372,3,1,23.07891,72.67304,BookMyShow
Ahmedabad,Miraj City Pulse: Ahmedabad,158.7590909,936,4,1,23.01467,72.5964,BookMyShow
Ahmedabad,"Mukta A2 Cinemas: Gulmohar Park Mall, Satellite Rd",151.2708333,404,4,1,23.02655,72.50996,"BookMyShow, MediaAnt"
Ahmedabad,"PVR: Acropolis, Ahmedabad",232.1338384,1343,6,1,23.04884,72.51621,BookMyShow
Ahmedabad,"PVR: Arved Transcube, Ahmedabad",167.8217593,1404,7,1,23.0685,72.57602,"BookMyShow, MediaAnt"
Ahmedabad,"PVR: Motera, Ahmedabad",154.3333333,1102,4,1,23.10273,72.59521,"BookMyShow, Internet Research"
Ahmedabad,Rajhans Cinemas: Nikol,114.5055556,741,3,1,23.05089,72.66758,BookMyShow
Ahmedabad,Rajhans Cinemas: Satadhar,124.2296296,1080,4,1,23.06663,72.53127,"BookMyShow, Internet Research"
Ahmedabad,Revolution Multiplex: Ahmedabad,148.75,423,4,1,22.99858,72.63548,BookMyShow
Ahmedabad,"Sapna Cinema, Juhapura",149.09491512148148,1401,1,0,22.9855719,72.500771,MediaAnt
Ahmedabad,"Shital Cinema, Gomtipur",149.09491512148148,350,1,0,23.0217999,72.6105388,MediaAnt
Ahmedabad,"Shree Balaji Agora Mall, Chandkheda",149.09491512148148,802,4,1,23.1144241,72.5679062,MediaAnt
Ahmedabad,"Time Cinema: CG Road, Ahmedabad",176.4583333,372,4,1,23.02435,72.55651,BookMyShow
Ahmedabad,"Usha Talkies, Gomtipur",149.09491512148148,550,1,0,23.017995,72.6152555,MediaAnt
Ahmedabad,Wide Angle: Ahmedabad,166.1531987,1400,5,1,23.02457,72.50745,"BookMyShow, Internet Research"
Bangalore,"7D Mastii: Element Mall, Nagwara",150.0,18,1,0,13.04541,77.6266,BookMyShow
Bangalore,"7D Mastiii: Forum Value Mall, Whitefield",150.0,16,1,0,12.95972,77.74778,BookMyShow
Bangalore,"7D Voyage: Central Mall, Bellandur",180.0,8,1,0,12.9264,77.67533,BookMyShow
Bangalore,7D VR Voyage: Garuda Mall,190.0,8,1,0,12.97004,77.60999,BookMyShow
Bangalore,Abhinay Theatre: Gandhi Nagar,130.0,1019,1,0,12.97354,77.57755,"BookMyShow, MediaAnt"
Bangalore,Akash Cinemas (Rajeshwari Theatre): Laggere,125.0,780,1,0,13.01481,77.51611,"BookMyShow, MediaAnt"
Bangalore,Amruth Theatre: Lingarajapuram,127.5,926,1,0,13.01244,77.62621,"BookMyShow, MediaAnt"
Bangalore,"Anand Theatre, No-268",183.50891304903845,947,1,0,13.011335,77.609965,MediaAnt
Bangalore,Anjan Digital 4K A/C Cinema: Magadi Road,125.0,990,1,0,12.97517,77.55891,"BookMyShow, MediaAnt"
Bangalore,Anupama Theatre: Gandhinagar,106.5,1032,1,0,12.97616,77.5756,"BookMyShow, MediaAnt"
Bangalore,Aruna Theatre: Srirampuram,109.0,936,1,0,12.98679,77.56722,"BookMyShow, MediaAnt"
Bangalore,"Ascendas Park Square Mall, EPIP",183.50891304903845,779,4,1,12.987032,77.736366,MediaAnt
Bangalore,Balaji Digital 2K Cinema: Tavarekere,120.0,880,1,0,12.92554,77.60781,"BookMyShow, MediaAnt"
Bangalore,"Bharathi Chitra Mandira, Dasarahalli",183.50891304903845,1070,1,0,13.0415115,77.5175238,MediaAnt
Bangalore,Bhumika Digital 2K Cinema: Gandhinagar,135.0,894,1,0,12.97382,77.57964,"BookMyShow, MediaAnt"
Bangalore,Carnival: Rockline Mall,179.4444444,1011,4,1,13.04075,77.51825,"BookMyShow, MediaAnt"
Bangalore,Cauvery Theatre: Sankey Road,123.3333333,1210,1,0,13.00256,77.58328,"BookMyShow, MediaAnt"
Bangalore,Chandrodaya Digital 2K Cinema: Vidyapeeta Circle,110.0,960,1,0,12.93546,77.56129,BookMyShow
Bangalore,Cinepolis: Binnypet Mall,220.537415,1580,8,1,12.96579,77.56202,"BookMyShow, MediaAnt"
Bangalore,"Cinepolis: Orion East Mall, Banaswadi",244.5454545,1097,5,1,13.00121,77.63265,"BookMyShow, MediaAnt"
Bangalore,Cinepolis: Royal Meenakshi Mall,271.0,1344,7,1,12.876,77.59582,"BookMyShow, MediaAnt"
Bangalore,Cinesquare Savitha Theatre: Malleshwaram,133.3333333,350,1,0,12.99296,77.57113,"BookMyShow, Internet Research"
Bangalore,"Deepak Theatre, Mahatma Gandhi Road",183.50891304903845,525,1,0,12.997947,77.5405319,MediaAnt
Bangalore,Eshwari Digital 2K Cinema: Banashankari,108.3333333,918,1,0,12.92359,77.55344,"BookMyShow, MediaAnt"
Bangalore,Everest Digital 2K Cinema: Frazer Town,125.0,546,1,0,13.00013,77.61844,"BookMyShow, MediaAnt"
Bangalore,"Fame Shankarnag Chitramandira, Mahatma Gandhi Road",183.50891304903845,615,1,0,12.9743036,77.6098151,MediaAnt
Bangalore,"Fun Cinemas: Sigma Mall, Bengaluru",180.3571429,985,3,1,12.9882,77.59477,"BookMyShow, MediaAnt"
Bangalore,Galaxy Paradise Screen 1: Bommanahalli Hosur Rd,160.0,100,1,0,12.89108,77.62648,"BookMyShow, Internet Research"
Bangalore,Galaxy Paradise: Screen 2,160.0,120,1,0,12.89108,77.62648,"BookMyShow, Internet Research"
Bangalore,"Ganesh Theatre, Attur",183.50891304903845,713,1,0,13.1001929,77.5872728,MediaAnt
Bangalore,"Gopalan Cinemas: Arcade Mall, Mysore Road",250.3846154,1019,3,1,12.93531,77.51761,BookMyShow
Bangalore,Gopalan Cinemas: Bannerghatta Road,261.1805556,852,3,1,12.91444,77.5994,"BookMyShow, MediaAnt"
Bangalore,Gopalan Grand Mall: Old Madras Road,256.1111111,1030,4,1,12.99336,77.66397,"BookMyShow, MediaAnt"
Bangalore,"Gopalan Miniplex: Signature Mall, Old Madras Road",260.3846154,157,3,1,12.99299,77.66188,BookMyShow
Bangalore,Goverdhan Theatre: Yeshwantpur,90.0,1064,1,0,13.02163,77.55132,"BookMyShow, MediaAnt"
Bangalore,"Guru Siddeshwara Chitra Mandira, Anjanapura",183.50891304903845,615,1,0,12.8728904,77.5575757,MediaAnt
Bangalore,HMT Digital 4K Cinema: Jalahalli,150.0,874,1,0,13.0495,77.5439,BookMyShow
Bangalore,Innovative Multiplex: Marathahalli,180.0,1406,4,1,12.9519,77.69905,BookMyShow
Bangalore,"INOX Lido: Off MG Road, Ulsoor",338.4166667,1259,5,1,12.97324,77.62128,BookMyShow
Bangalore,INOX: Brookefield Mall,270.9259259,338,3,1,12.96623,77.71794,"BookMyShow, MediaAnt"
Bangalore,"INOX: Central, JP Nagar, Mantri Junction",343.0347222,1118,4,1,12.9164,77.59241,"BookMyShow, MediaAnt"
Bangalore,"INOX: Forum Neighbourhood Mall, Whitefield",301.3636364,725,5,1,12.9595,77.74789,BookMyShow
Bangalore,"INOX: Garuda Mall, Magrath Road",337.1212121,1103,5,1,12.97009,77.60943,"BookMyShow, MediaAnt"
Bangalore,"INOX: Garuda Swagath Mall, Jayanagar",285.5555556,793,3,1,12.92906,77.59123,"BookMyShow, MediaAnt"
Bangalore,"INOX: Mantri Square, Malleshwaram",399.0611111,1497,6,1,12.99216,77.5703,"BookMyShow, MediaAnt"
Bangalore,Kamakya Cinema: Banashankari,100.0,706,1,0,12.92331,77.55334,"BookMyShow, MediaAnt"
Bangalore,Kapali Theatre: Gandhi Nagar,100.0,1475,1,0,12.97791,77.57578,"BookMyShow, MediaAnt"
Bangalore,Keshava Theatre -,183.50891304903845,809,1,0,13.0282203,77.5538235,Internet Research
Bangalore,Lakshmi Digital 4K Cinema: Tavarekere,132.5,900,1,0,12.92524,77.60775,"BookMyShow, MediaAnt"
Bangalore,"Lakshmi Theatre, Dharmaram College",183.50891304903845,900,1,0,12.9362,77.6028377,MediaAnt
Bangalore,"Lavanya, Sivan Chetty Gardens",183.50891304903845,786,1,0,12.9848012,77.6148355,MediaAnt
Bangalore,Maheshwari Digital 4K Cinema: Bannerghatta Road,183.50891304903845,0,0,1,12.92339,77.59894,BookMyShow
Bangalore,Manasa Digital 4K Dolby Atmos: Konanakunte,175.0,640,1,0,12.89064,77.5622,"BookMyShow, MediaAnt"
Bangalore,"Manasa Theatre, Doddakallasandra",183.50891304903845,640,1,0,12.8906129,77.5622187,MediaAnt
Bangalore,Menaka Talkies: Gandhi Nagar,130.0,971,1,0,12.97314,77.57934,"BookMyShow, MediaAnt"
Bangalore,"Mohan Theatre, Magadi Main Road",183.50891304903845,956,1,0,12.9987083,77.5035393,MediaAnt
Bangalore,Movie Land,183.50891304903845,648,1,0,12.9788182,77.5755948,Internet Research
Bangalore,Mukunda Dolby Atmos: M S Nagar,159.375,814,1,0,13.00325,77.63585,BookMyShow
Bangalore,Murali Gokula Digital 4K Cinema: Mathikere,118.0,900,1,0,13.03842,77.5526,"BookMyShow, MediaAnt"
Bangalore,"N Lakshmi Chitra Mandira, B G Road",183.50891304903845,850,1,0,12.860183,77.589458,MediaAnt
Bangalore,"Nalanda Theatre, Mysore Road",183.50891304903845,1090,1,0,12.9605832,77.5578493,MediaAnt
Bangalore,"Narendra Talkies, Arabic College",183.50891304903845,500,1,0,13.026733,77.62075,MediaAnt
Bangalore,Nartaki Theatre: Gandhi Nagar,111.5,1150,1,0,12.9743,77.57619,"BookMyShow, Internet Research"
Bangalore,Nataraj Theatre: Sheshadripuram,183.50891304903845,1150,1,0,12.9897863,77.5729823,Internet Research
Bangalore,Navrang Theatre: Rajaji Nagar,90.0,990,1,0,12.99784,77.5528,"BookMyShow, MediaAnt"
Bangalore,"Padma Theatre, Amruthahalli",183.50891304903845,600,1,0,13.0687241,77.6026388,MediaAnt
Bangalore,Parimala Digital 2K Cinema: K.R.Market,183.50891304903845,1112,1,0,12.963107,77.57705,Internet Research
Bangalore,Poornima Theatre: J.C. Road,115.0,934,1,0,12.96096,77.58742,"BookMyShow, MediaAnt"
Bangalore,Pradeep Theatre: K.R.Market,183.50891304903845,305,1,0,12.963106,77.577049,Internet Research
Bangalore,"Prasanna Theatre, Magadi Road",183.50891304903845,1100,1,0,12.9740859,77.5520529,MediaAnt
Bangalore,Pushpanjali A/C Theatre: B.N. Pura,125.0,999,1,0,12.99809,77.67521,"BookMyShow, MediaAnt"
Bangalore,"Pushpanjali Talkies, Dinnur Main Road",183.50891304903845,1330,1,0,13.0218949,77.6031292,MediaAnt
Bangalore,"PVR: Arena Mahadevapura, Bengaluru",233.5353535,1084,6,1,12.97991,77.69319,"BookMyShow, MediaAnt"
Bangalore,"PVR: Forum Gold, Bengaluru",825.0,32,1,0,12.93463,77.6113,BookMyShow
Bangalore,"PVR: Forum, Bengaluru",286.9333333,1590,10,1,12.93463,77.6113,"BookMyShow, MediaAnt"
Bangalore,"PVR: IMAX, VR Bengaluru, Whitefield",292.0,292,1,0,12.99639,77.69531,BookMyShow
Bangalore,"PVR: Market City (4DX), Bengaluru",450.0,100,1,0,12.99725,77.69573,BookMyShow
Bangalore,"PVR: Market City, Bengaluru",306.2100122,1106,9,1,12.99725,77.69573,BookMyShow
Bangalore,"PVR: MSR Elements Mall, Bengaluru",288.0883838,1383,7,1,13.04516,77.62658,"BookMyShow, MediaAnt"
Bangalore,"PVR: Orion Gold, Rajajinagar",806.2962963,144,3,0,13.011,77.55509,BookMyShow
Bangalore,"PVR: Orion, Rajajinagar",285.3444444,2714,8,1,13.011,77.55509,"BookMyShow, MediaAnt"
Bangalore,"PVR: Pepsi IMAX, Koramangala",365.0,346,1,0,12.93455,77.61109,BookMyShow
Bangalore,"PVR: Soul Spirit Bellandur, Bengaluru",290.8585859,1084,6,1,12.92676,77.67528,"BookMyShow, MediaAnt"
Bangalore,"PVR: Vaishnavi Sapphire Mall, Bengaluru",222.1363636,1058,6,1,13.02414,77.54897,BookMyShow
Bangalore,"PVR: VR Gold, Bengaluru",697.025,1,4,1,12.99651,77.69526,BookMyShow
Bangalore,"PVR: VR, Bengaluru",257.2,932,5,1,12.99651,77.69526,BookMyShow
Bangalore,Radhakrishna Theatre: R.T. Nagar,125.0,921,1,0,13.01337,77.59387,BookMyShow
Bangalore,"Raja Murali Theatre, Kodigehalli Sahakar Nagar(post)",183.50891304903845,558,1,0,13.0605001,77.5768534,MediaAnt
Bangalore,Rajarajeshwari Theatre: Nagarbhavi Circle,90.0,1080,1,0,12.95695,77.50206,"BookMyShow, MediaAnt"
Bangalore,"Ranganatha Theatre, Mysore Road",183.50891304903845,410,1,0,12.9632206,77.5663842,MediaAnt
Bangalore,Ravi Digital 2K Cinema: Ejipura,109.0,820,1,0,12.95124,77.62217,"BookMyShow, Internet Research"
Bangalore,Rex Theatre: Brigade Road,185.0,707,1,0,12.97262,77.60663,BookMyShow
Bangalore,"Robin Theatre, Chudenapura",183.50891304903845,850,1,0,12.9160026,77.479051,MediaAnt
Bangalore,Sampige Digital 2k Cinema: Malleshwaram,150.0,1129,1,0,12.99307,77.5711,"BookMyShow, MediaAnt"
Bangalore,Sandeep Theatre: Shivaji Nagar,90.0,309,1,0,12.98161,77.60294,"BookMyShow, MediaAnt"
Bangalore,Sandhya Digital 4K Projection Dolby Atmos: Madiwal,125.0,720,1,0,12.92101,77.61794,"BookMyShow, MediaAnt"
Bangalore,Sangeet Theatre: Shivaji Nagar,115.0,860,1,0,12.98161,77.60294,"BookMyShow, MediaAnt"
Bangalore,Santosh Theatre: Gandhinagar,106.0,680,1,0,12.97484,77.57638,"BookMyShow, MediaAnt"
Bangalore,Sapna Theatre: Gandhi Nagar,95.0,345,1,0,12.9743,77.57619,"BookMyShow, MediaAnt"
Bangalore,Sharada Cinemas A/C: S.P Road,109.0,680,1,0,12.96528,77.58471,"BookMyShow, MediaAnt"
Bangalore,"Shobha Talkies, Bhabuji Nagar",183.50891304903845,1000,1,0,12.9574781,77.543303,MediaAnt
Bangalore,"Soundarya Mahal, Antharahalli",183.50891304903845,726,1,0,12.9032569,77.5861215,MediaAnt
Bangalore,Sri Balaji Digital 2K Cinema: Viveknagar,175.0,415,1,0,12.95686,77.61944,"BookMyShow, MediaAnt"
Bangalore,Sri Kokila Theatre: Hosakerehalli,80.0,650,1,0,12.93363,77.5373,"BookMyShow, Internet Research"
Bangalore,Sri Krishna Digital 2K Cinema: Bommanahalli,100.0,800,1,0,12.90535,77.62936,"BookMyShow, MediaAnt"
Bangalore,Sri Krishna Theatre: KR Puram,100.0,979,1,0,13.00889,77.69893,"BookMyShow, MediaAnt"
Bangalore,Sri Lakshmi Theatre: Ramamurthy Nagar,100.0,618,1,0,13.0103,77.67387,"BookMyShow, MediaAnt"
Bangalore,"Sri Madeswara Chitra Mandira, Bangalore",183.50891304903845,1250,1,0,12.9156484,77.5633059,MediaAnt
Bangalore,"Sri Maruthi Theatre, Rajagopal Nagar",183.50891304903845,1119,1,0,13.0122659,77.5098421,MediaAnt
Bangalore,Sri Renuka Prasanna Theatre: J P Nagar,104.0,1078,1,0,12.91506,77.58783,"BookMyShow, Internet Research"
Bangalore,"Sri Siddalingeswara Chitra Mandira, Bangalore",183.50891304903845,940,1,0,12.9037028,77.5804877,MediaAnt
Bangalore,Sri Srinivasa Theatre: Padmanabanagara,110.0,725,1,0,12.90898,77.55804,"BookMyShow, Internet Research"
Bangalore,Sri Vajreshwari Theatre: Ullal,110.0,844,1,0,12.94238,77.48814,"BookMyShow, MediaAnt"
Bangalore,Sri Venkateshwara Theatre: Kengeri,100.0,500,1,0,12.90644,77.48277,"BookMyShow, MediaAnt"
Bangalore,Sri Vinayaka A/C Digital 2K Cinemas: Varthur,138.3333333,531,1,0,12.93572,77.74443,"BookMyShow, Internet Research"
Bangalore,Sri Vinayaka Digital 2K Cinema (D.J.Halli),109.0,850,1,0,13.0144,77.60564,"BookMyShow, MediaAnt"
Bangalore,"Srinivasa Chitra Mandira, Kadugodi",183.50891304903845,625,1,0,12.9885232,77.7660591,MediaAnt
Bangalore,Srinivasa Digital 4K Cinema: S.G. Palya,132.5,800,1,0,12.93188,77.60772,"BookMyShow, MediaAnt"
Bangalore,"Sujatha Talkies, Deepanjalinagar",183.50891304903845,450,1,0,12.9618776,77.5473551,MediaAnt
Bangalore,"Super Talkies, Chickpet",183.50891304903845,619,1,0,12.9678583,77.5699123,MediaAnt
Bangalore,"The Cinema GT World: Magadi Rd, Bengaluru",195.8333333,1155,5,1,12.97345,77.55171,BookMyShow
Bangalore,Thirumala Digital 2K Cinema: Agara,108.5,904,1,0,12.91991,77.64969,"BookMyShow, MediaAnt"
Bangalore,Triveni Theatre: Gandhinagar,109.0,800,1,0,12.97628,77.57538,"BookMyShow, MediaAnt"
Bangalore,"Tulsi Chitra Mandira, Marathalli",183.50891304903845,800,1,0,12.956319,77.6981967,MediaAnt
Bangalore,"Uma Theatre, Chamrajpet",183.50891304903845,984,1,0,12.9554065,77.567022,MediaAnt
Bangalore,Urvashi Digital 4K Cinema: Lalbagh Road,237.5,1100,1,0,12.95607,77.58541,BookMyShow
Bangalore,Vaibhav Digital 4K Cinema: Sanjaynagar,142.3333333,935,1,0,13.03558,77.57463,"BookMyShow, Internet Research"
Bangalore,Vaibhavi A/C Theatre: Uttarahalli,105.0,715,1,0,12.90348,77.54415,"BookMyShow, MediaAnt"
Bangalore,Vainidhi Digital 2K Cinemas (Chandan): Singapura,110.0,725,1,0,13.07427,77.5405,"BookMyShow, MediaAnt"
Bangalore,Vaishnavi A/C Theatre: Uttarahalli,120.0,800,1,0,12.90348,77.54415,"BookMyShow, MediaAnt"
Bangalore,Veerabhadreshwara Theatre: Kamala Nagar,97.5,898,1,0,12.9931,77.52909,BookMyShow
Bangalore,Veeresh Cinemas Screen 1: Magadi Rd,80.0,178,1,0,12.97707,77.54595,BookMyShow
Bangalore,Veeresh Cinemas Screen 2: Magadi Rd,100.0,214,1,0,12.97707,77.54595,BookMyShow
Bangalore,Venkateshwara A/c Digital 2K Cinema: K.R.Puram,104.0,877,1,0,13.00525,77.69667,BookMyShow
Bangalore,"Venkateshwara Cinemas: Gollarahatti,Magadi Rd",90.0,300,1,0,12.98848,77.47392,BookMyShow
Bangalore,Venkateshwara Digital 2K Cinema: Avalahalli Girina,100.0,363,1,0,12.94351,77.54797,BookMyShow
Bangalore,Vijay Theatre: Byatarayanapura,118.0,912,1,0,12.94846,77.53969,"BookMyShow, MediaAnt"
Bangalore,Vijayalakshmi Digital 2K Cinema: Garudacharpalya,100.0,671,1,0,12.99348,77.70187,"BookMyShow, MediaAnt"
Bangalore,"Vinayaka Chitra Mandira, Marathahalli",183.50891304903845,723,1,0,12.9557258,77.6995081,MediaAnt
Bangalore,"Vinayaka Theatre, Chamrajpet",183.50891304903845,1004,1,0,12.9632205,77.5663841,MediaAnt
Bangalore,Vinayaka Theatre: Harinagar,80.0,850,1,0,12.87488,77.57015,"BookMyShow, MediaAnt"
Bangalore,Vishal A/C Theatre: Kamakshipalya,80.0,875,1,0,12.98318,77.53018,"BookMyShow, MediaAnt"
Bangalore,"Vullas Theatre, Yeshwantpura",183.50891304903845,961,1,0,13.019888,77.551474,MediaAnt
Chennai,Abirami Cinemas: Chennai,113.5833333,1656,4,1,13.086,80.24809,BookMyShow
Chennai,"Agasthiya, T.H Road",97.97240740555556,1004,1,0,13.1239102,80.2878637,MediaAnt
Chennai,AGS Cinemas: T. Nagar,82.7,884,4,1,13.04745,80.24485,BookMyShow
Chennai,AGS Cinemas: Villivakkam,82.7,1473,5,1,13.10471,80.209,BookMyShow
Chennai,Albert Complex,97.97240740555556,1200,1,0,13.0761554,80.2638409,Internet Research
Chennai,Anna Theatre: Chennai,94.6,364,1,0,13.06717,80.27129,"BookMyShow, Internet Research"
Chennai,"Annai Karumari, Virugambakkam",97.97240740555556,196,1,0,13.0530785,80.1931011,MediaAnt
Chennai,Arvind Theatre A/C dts,97.97240740555556,445,1,0,12.9153435,80.2297244,Internet Research
Chennai,AVM Rajeswari A/C dts,97.97240740555556,603,1,0,13.0475424,80.2046086,Internet Research
Chennai,"Baby Albert Theatre, Whannels Road",97.97240740555556,242,1,0,13.0761555,80.263841,MediaAnt
Chennai,"Bala Theatre, Anna Road",97.97240740555556,518,1,0,13.0949014,80.1855746,MediaAnt
Chennai,Bharath Theatre Dolby AtmosDolby Atmos,97.97240740555556,963,1,0,13.1102599,80.2797875,Internet Research
Chennai,Casino Theatre: Chennai,59.0,83,1,0,13.06868,80.27017,BookMyShow
Chennai,"Chandran Theatre, Ashoknagar",97.97240740555556,515,1,0,13.0347676,80.2104299,MediaAnt
Chennai,Devi Karumari A/C,97.97240740555556,850,1,0,13.0499059,80.1934024,Internet Research
Chennai,Devicineplex,97.97240740555556,2462,1,0,13.0662224,80.2707235,Internet Research
Chennai,Ega Cinema,97.97240740555556,1168,2,1,13.0778725,80.2404635,Internet Research
Chennai,Ganapathy Ram Theatre: Chennai,90.0,852,1,0,13.00397,80.25632,"BookMyShow, MediaAnt"
Chennai,GK Cinemas 2K Dolby Atmos: Porur,116.19,557,2,1,13.03374,80.16108,BookMyShow
Chennai,INOX National: Arcot Road,153.6,1182,5,1,13.04689,80.19036,BookMyShow
Chennai,"INOX: Chennai Citi Centre, Dr. RK Salai",153.6,528,4,1,13.04295,80.27379,BookMyShow
Chennai,Jothi Theatre 4K A/c DTS: ST Thomas Mount,0.0,805,1,0,13.00611,80.20134,"BookMyShow, Internet Research"
Chennai,Kamala CinemasF&B;,97.97240740555556,586,1,0,13.0489837,80.2101709,Internet Research
Chennai,Kasi4K Dolby Atmos,97.97240740555556,733,1,0,13.0294637,80.2084348,Internet Research
Chennai,"Krishnaveni, South Usman Raod",97.97240740555556,898,1,0,13.0346055,80.2307106,MediaAnt
Chennai,Kumaran Theatre QUBE A/C DTS: Madipakkam,0.0,1008,1,0,12.97191,80.19214,"BookMyShow, Internet Research"
Chennai,Luxe Cinemas: Chennai,153.6,1844,9,1,12.99154,80.21681,BookMyShow
Chennai,"Mahalakshmi Talkies, Strahans Road",97.97240740555556,1040,1,0,13.0975215,80.256593,MediaAnt
Chennai,Maharani Theatre 2K dts,97.97240740555556,910,1,0,13.1175008,80.2842433,Internet Research
Chennai,"Mayura, Arakonam Road",97.97240740555556,474,1,0,13.0997993,80.1698389,MediaAnt
Chennai,MM Theatre,97.97240740555556,772,1,0,13.1260232,80.2896379,Internet Research
Chennai,Murugan Cinemas - AmbatturDolby Atmos,97.97240740555556,960,1,0,13.1135444,80.1572574,Internet Research
Chennai,Nadhamuni Cinema,97.97240740555556,650,1,0,13.1034052,80.2022335,Internet Research
Chennai,"Padmam, Poonamallee High Road",97.97240740555556,420,1,0,13.0690757,80.1889014,MediaAnt
Chennai,"Pandian, Moolakadai",97.97240740555556,1002,1,0,13.1322548,80.2424585,MediaAnt
Chennai,"PVR: Ampa, Chennai",82.7,1794,7,1,13.07359,80.22138,"BookMyShow, MediaAnt"
Chennai,"PVR: Velachery, Chennai",82.7,1275,5,1,12.97195,80.22036,"BookMyShow, MediaAnt"
Chennai,Raj Theatre - A/C DTS: Chennai,175.0,950,1,0,13.0196,80.22324,BookMyShow
Chennai,Rakki Cinemas - Ambattur,97.97240740555556,361,1,0,13.1227657,80.1476317,Internet Research
Chennai,Rohini Silver Screens: Chennai,104.03,3175,7,1,13.07575,80.19586,BookMyShow
Chennai,"Roopam, Poonamallee High Road",97.97240740555556,288,1,0,13.0797983,80.2025852,MediaAnt
Chennai,Sangam Cinemas,97.97240740555556,1662,3,1,13.0794633,80.2492933,Internet Research
Chennai,"Saravana Theatre, Brick Kiln Road",97.97240740555556,600,1,0,13.0928614,80.2515167,MediaAnt
Chennai,"Sathyam Royapettah, Lloyds Estate",97.97240740555556,2283,6,1,13.0553683,80.2579668,MediaAnt
Chennai,"SK-Marlen Cinemas 2K, Guindy: Alandur",150.0,229,1,0,13.00176,80.20358,"BookMyShow, Internet Research"
Chennai,"Spectrum Mall, Perambur North",97.97240740555556,1395,5,1,13.1122465,80.2363247,MediaAnt
Chennai,Sri Bhuvaneshwari Theatre A/C dts,97.97240740555556,565,1,0,13.0916293,80.2583516,Internet Research
Chennai,Sri Ganga Cinemas Dolby Atmos - KolathurDolby Atmos,97.97240740555556,772,1,0,13.1252216,80.2181625,Internet Research
Chennai,"Sri Murugan, Ambattur",97.97240740555556,960,1,0,13.100996,80.164051,MediaAnt
Chennai,Srinivasa Theatre,97.97240740555556,900,1,0,13.0310779,80.2250651,Internet Research
Chennai,"The Forum Vijaya Mall, Vadapalani",97.97240740555556,3010,9,1,13.0497383,80.2095368,MediaAnt
Chennai,"Thirumurugan, Ambattur",97.97240740555556,510,1,0,13.1212603,80.1513583,MediaAnt
Chennai,Udhayam Complex,97.97240740555556,759,1,0,12.9596264,80.2433274,Internet Research
Chennai,"Udhayam Theatre, Ashoknagar",97.97240740555556,759,1,0,13.0346888,80.2103968,MediaAnt
Chennai,Vetrrivel Theatre 2K - Nanganallur,97.97240740555556,600,1,0,12.9801087,80.1821216,Internet Research
Chennai,Woodlands Complex: Chennai,69.5,1713,2,1,13.05656,80.26497,"BookMyShow, MediaAnt"
Delhi,"7D Mastiii: TDI Mall, Rajouri Garden, Delhi",170.0,18,1,0,28.65083,77.12087,BookMyShow
Delhi,Abhishek Cineplex: Chandni Chowk,96.46666667,260,1,0,28.65628,77.2342,BookMyShow
Delhi,Amba Cinema: Delhi,128.0,486,1,0,28.67724,77.20104,BookMyShow
Delhi,"Batra Cinema, Dr.Mukerjee Nagar",301.8207102540476,1000,1,0,28.7113494,77.2150536,MediaAnt
Delhi,Batra Reels Cinemas: New Friends Colony,287.5,1500,1,0,28.56153,77.26865,"BookMyShow, MediaAnt"
Delhi,Carnival: Odeon Complex,493.0555556,592,2,1,28.63429,77.22107,BookMyShow
Delhi,"Cinepolis: Cross River Mall, Mall, Shahdara",249.375,1191,4,1,28.65681,77.30189,BookMyShow
Delhi,"Cinepolis: Unity One Mall Rohini, Delhi",350.1319444,659,4,1,28.71513,77.11631,"BookMyShow, MediaAnt"
Delhi,"Cinepolis: V3S Mall, Laxmi Nagar",236.7857143,836,3,1,28.63711,77.28606,"BookMyShow, MediaAnt"
Delhi,Delite Cinema: Asaf Ali Road,93.75,110,2,1,28.64122,77.23587,BookMyShow
Delhi,"DT Cinemas: DLF Place, Saket",286.0795455,953,6,1,28.5274,77.21713,BookMyShow
Delhi,DT Cinemas: Savitri Complex GK2,238.8888889,300,1,0,28.54135,77.24011,BookMyShow
Delhi,"Fun Cinemas: North Square Mall, Pitampura",227.5,800,3,1,28.69151,77.14843,BookMyShow
Delhi,"Fun Cinemas: TDI Mall, Moti Nagar",198.1111111,643,3,1,28.65668,77.13945,BookMyShow
Delhi,G3S Cinema: Rohini,228.5714286,809,3,1,28.73469,77.11376,BookMyShow
Delhi,Gagan Cinema: Delhi,62.5,982,1,0,28.69635,77.31493,"BookMyShow, MediaAnt"
Delhi,"Hans Cinema, G.T Karnal Road",301.8207102540476,900,1,0,28.7031355,77.1824101,MediaAnt
Delhi,INOX Eros One: Jangpura Extn,465.4166667,317,1,0,28.58122,77.24199,BookMyShow
Delhi,Liberty Cinema: Karol Bagh,110.0,959,1,0,28.65941,77.18973,BookMyShow
Delhi,M Cinemas: East of Kailash (Gold Class),493.75,780,2,1,28.55923,77.24623,BookMyShow
Delhi,M2K: Pitampura,230.8571429,807,3,1,28.68925,77.13326,"BookMyShow, MediaAnt"
Delhi,M2K: Rohini,221.3333333,588,2,1,28.70094,77.1166,"BookMyShow, MediaAnt"
Delhi,"Milan Cineplex, Karampura",301.8207102540476,1000,1,0,28.6626009,77.1462858,MediaAnt
Delhi,Miraj Cinemas: Subhash Nagar,231.8333333,470,2,1,28.63874,77.1069,BookMyShow
Delhi,"Moti Cinema, Chandni Chowk",301.8207102540476,699,1,0,28.656595,77.235293,MediaAnt
Delhi,Movietime: Pitampura,168.3928571,788,3,1,28.70582,77.14283,"BookMyShow, Internet Research"
Delhi,Movietime: Raja Garden,200.9621212,1226,6,1,28.65266,77.12335,"BookMyShow, Internet Research"
Delhi,PVR Promenade: Vasant Kunj,431.7234848,1139,7,1,28.54262,77.15575,"BookMyShow, Internet Research"
Delhi,"PVR: 3CS, Delhi",247.7777778,315,1,0,28.56778,77.24099,BookMyShow
Delhi,"PVR: Anupam, Delhi",170.6018519,1000,4,1,28.52374,77.20716,"BookMyShow, Internet Research"
Delhi,"PVR: Director's Cut, Ambience Delhi",1458.333333,282,4,1,28.5408,77.15479,"BookMyShow, MediaAnt"
Delhi,"PVR: Naraina, Delhi",221.6666667,830,4,1,28.63308,77.13889,"BookMyShow, MediaAnt"
Delhi,"PVR: Pacific, Delhi",446.3415179,1116,6,1,28.64269,77.10595,"BookMyShow, Internet Research"
Delhi,"PVR: Plaza-CP, Delhi",366.6666667,300,1,0,28.63515,77.21966,BookMyShow
Delhi,"PVR: Prashant Vihar, Delhi",283.3134921,426,4,1,28.71251,77.13594,BookMyShow
Delhi,"PVR: Priya, Delhi",266.25,944,1,0,28.55732,77.16449,BookMyShow
Delhi,"PVR: Rivoli, Delhi",320.8333333,329,1,0,28.63101,77.21636,BookMyShow
Delhi,"PVR: Sangam, Delhi",312.2321429,392,2,1,28.57239,77.1735,BookMyShow
Delhi,"PVR: Select City Walk (Gold), Delhi",943.75,40,1,0,28.52857,77.21973,BookMyShow
Delhi,"PVR: Select City Walk, Delhi",523.1349206,677,5,1,28.52857,77.21973,BookMyShow
Delhi,PVR: Shalimar Bagh,311.0714286,1142,4,1,28.70282,77.15833,"BookMyShow, MediaAnt"
Delhi,"PVR: Vikaspuri, Delhi",202.2619048,921,3,1,28.63902,77.07448,"BookMyShow, MediaAnt"
Delhi,Q Cinemas: Shahdara,185.4166667,601,3,1,28.67512,77.28808,BookMyShow
Delhi,"Ritz Cinema: Kashmere Gate, Delhi",113.3333333,576,1,0,28.66669,77.22984,"BookMyShow, MediaAnt"
Delhi,Satyam Janak Place-NCR,301.8207102540476,1262,4,1,28.629686,77.081896,Internet Research
Delhi,Satyam Nehru Place-NCR,301.8207102540476,994,4,1,28.550044,77.251155,Internet Research
Delhi,Satyam Patel Nagar-NCR,301.8207102540476,1207,4,1,28.6504,77.1576999,Internet Research
Delhi,Shiela Cinema: Delhi,133.3333333,980,1,0,28.64457,77.21691,BookMyShow
Delhi,Suraj Cinema - Najafgarh-NCR,301.8207102540476,519,1,0,28.6111587,76.9764621,Internet Research
Delhi,"Vishal Cinema, Janta Market",301.8207102540476,1401,1,0,28.6555642,77.118129,MediaAnt
Delhi,Wave: Raja Garden,269.1666667,777,4,1,28.65193,77.1208,BookMyShow
Hyderabad,Alankar (Pratap Theatre): Langer House,100.0,774,1,0,17.37651,78.4196,"BookMyShow, Internet Research"
Hyderabad,Amba Theatre: Mehdipatnam,100.0,64,1,0,17.39167,78.44133,BookMyShow
Hyderabad,Anjali Theatre: Secunderabad,70.0,690,1,0,17.43751,78.49338,"BookMyShow, MediaAnt"
Hyderabad,Aradhna Theatre-Tarnaka,95.06145388259617,806,1,0,17.4248734,78.5333863,Internet Research
Hyderabad,Arjun 70MM: Kukatpally,100.0,786,1,0,17.49677,78.39703,"BookMyShow, MediaAnt"
Hyderabad,Asian CineSquare Multiplex: Uppal,125.0,1512,5,1,17.40215,78.57207,BookMyShow
Hyderabad,Asian Ganga: Dilsukhnagar,85.0,707,1,0,17.36117,78.5231,BookMyShow
Hyderabad,Asian GPR Multiplex: Kukatpally,162.5,1143,3,1,17.49923,78.39067,BookMyShow
Hyderabad,Asian Jyothi: RC Puram,90.0,520,1,0,17.50277,78.31221,BookMyShow
Hyderabad,Asian Lakshmikala Cinepride: Moosapet,88.81481481,2403,4,1,17.46753,78.42831,BookMyShow
Hyderabad,Asian M Cube Mall: Attapur,140.0,1014,4,1,17.37169,78.43027,BookMyShow
Hyderabad,Asian Radhika Multiplex: ECIL,130.0,894,3,1,17.47656,78.56309,BookMyShow
Hyderabad,Asian Sha: Chintal,85.0,716,1,0,17.4922,78.45173,BookMyShow
Hyderabad,Asian Shahensha: Chintal,85.0,380,1,0,17.4922,78.45173,BookMyShow
Hyderabad,Asian Shiva: Dilsukhnagar,85.0,554,1,0,17.36117,78.5231,BookMyShow
Hyderabad,Asian Swapna 35mm: Katedan,90.0,272,1,0,17.31143,78.43869,"BookMyShow, MediaAnt"
Hyderabad,Asian Swapna 70mm: Katedan,75.0,512,1,0,17.31143,78.43869,BookMyShow
Hyderabad,"ASR Cinemas, Madhuban Colony",95.06145388259617,609,1,0,17.3083079,78.4319946,MediaAnt
Hyderabad,Bhujanga 70MM: Jeedimetla,65.0,1311,1,0,17.5122,78.44861,"BookMyShow, MediaAnt"
Hyderabad,BR Hitech 70mm: Madhapur,80.0,528,1,0,17.44442,78.38823,"BookMyShow, Internet Research"
Hyderabad,"Brahmarambha 70 Mm, Hyder nagar",95.06145388259617,861,1,0,17.5000891,78.386969,MediaAnt
Hyderabad,BVK Multiplex Vijayalakshmi: LB Nagar,105.5555556,1211,3,1,17.34365,78.55422,BookMyShow
Hyderabad,Carnival: Ameerpet,150.0,1361,4,1,17.43026,78.44846,BookMyShow
Hyderabad,Cine Town: Miyapur,90.0,1263,3,1,17.49534,78.35329,BookMyShow
Hyderabad,"Cinepolis: CCPL Mall, Hyderabad",150.0,703,5,1,17.45718,78.53681,BookMyShow
Hyderabad,"Cinepolis: Manjeera Mall, Kukatpally",200.0,1405,5,1,17.48978,78.39322,BookMyShow
Hyderabad,"Cinepolis: Mantra Mall, Attapur",200.0,1094,5,1,17.35388,78.4206,BookMyShow
Hyderabad,Devi 70mm 4K & Dolby Atmos: RTC X Roads,118.0,1200,1,0,17.40627,78.49504,"BookMyShow, Internet Research"
Hyderabad,Galaxy Cinema: Toli Chowki,70.0,704,1,0,17.40324,78.41086,"BookMyShow, Internet Research"
Hyderabad,"Ganga Theatre, Chaithanyapuri Colony",95.06145388259617,786,1,0,17.3719842,78.535892,MediaAnt
Hyderabad,Glory Cinema: Mallepally,95.06145388259617,486,1,0,17.39404,78.45831,BookMyShow
Hyderabad,Gokul 70MM: Erragadda,90.0,1224,1,0,17.45358,78.43435,"BookMyShow, MediaAnt"
Hyderabad,Indra: Karmanghat,80.0,112,1,0,17.34507,78.53179,BookMyShow
Hyderabad,"INOX: GVK One, Banjara Hills",200.0,1257,6,1,17.4195,78.44861,"BookMyShow, MediaAnt"
Hyderabad,"INOX: Maheshwari Parmeshwari Mall, Kachiguda",150.0,1021,5,1,17.39052,78.48862,BookMyShow
Hyderabad,Kalyani Movie Max: Bowenpally,70.0,84,1,0,17.47373,78.47971,BookMyShow
Hyderabad,Konark: Dilsukhnagar,80.0,1026,1,0,17.3686,78.51865,"BookMyShow, MediaAnt"
Hyderabad,Kumar Theatre: Kachiguda,90.0,74,1,0,17.38886,78.49632,BookMyShow
Hyderabad,Lakshmi Kala Mandir: Alwal,70.0,277,1,0,17.49476,78.51121,BookMyShow
Hyderabad,"Mallikarjuna 70 Mm, Hyder nagar",95.06145388259617,861,1,0,17.5000892,78.38697,MediaAnt
Hyderabad,"Manikanta, Reddy Colony",95.06145388259617,394,1,0,17.337529,78.549634,MediaAnt
Hyderabad,Manju Cinema: Kalasiguda,70.0,289,1,0,17.44048,78.4936,BookMyShow
Hyderabad,Megha Theatre: Dilsukhnagar,90.0,795,1,0,17.36796,78.52666,BookMyShow
Hyderabad,Metro Cinema: Bahadurpura,70.0,100,1,0,17.35587,78.45374,BookMyShow
Hyderabad,"Miraj Cinemas: Shalini Shivani, Hyderabad",158.8541667,1286,4,1,17.36764,78.5362,BookMyShow
Hyderabad,Mukta A2 Cinemas: Abids,90.0,637,1,0,17.38586,78.47723,BookMyShow
Hyderabad,"Nagendra 70 Mm, Main Road",95.06145388259617,711,1,0,17.3561,78.5333,MediaAnt
Hyderabad,Nagendra: Karmanghat,80.0,711,1,0,17.34507,78.53179,"BookMyShow, MediaAnt"
Hyderabad,Nartaki Theatre: Alwal,70.0,854,1,0,17.49423,78.5133,"BookMyShow, MediaAnt"
Hyderabad,Padmavati Cinema: Kachiguda,60.0,490,1,0,17.39063,78.4916,"BookMyShow, MediaAnt"
Hyderabad,Prasads: Hyderabad,150.0,2230,6,1,17.33215,78.47,"BookMyShow, MediaAnt"
Hyderabad,Prashant Cinema: Secunderabad,80.0,1048,1,0,17.43958,78.49856,"BookMyShow, MediaAnt"
Hyderabad,"Pratap Theatre, Gandhi Bhawan",95.06145388259617,774,1,0,17.3882628,78.4707395,MediaAnt
Hyderabad,Priya Theatre: Malleypally,80.0,750,1,0,17.39049,78.4549,"BookMyShow, MediaAnt"
Hyderabad,"PVR Forum Sujana Mall: Kukatpally, Hyderabad",200.0,2140,9,1,17.48452,78.38904,BookMyShow
Hyderabad,"PVR: Inorbit, Cyberabad",150.0,800,5,1,17.43505,78.38674,BookMyShow
Hyderabad,"PVR: Panjagutta, Hyderabad",150.0,1322,5,1,17.42675,78.45295,BookMyShow
Hyderabad,"PVR: RK Cineplex, Hyderabad",200.0,1034,3,1,17.42332,78.42792,"BookMyShow, Internet Research"
Hyderabad,Raghavendra 35mm: Malkajgiri,70.0,580,1,0,17.4513,78.53616,"BookMyShow, MediaAnt"
Hyderabad,Raghavendra 70mm: Malkajgiri,70.0,691,1,0,17.4513,78.53616,"BookMyShow, MediaAnt"
Hyderabad,Raghavendra Mini: Malkajgiri,70.0,385,1,0,17.4513,78.53616,"BookMyShow, MediaAnt"
Hyderabad,Rajdhani 70mm: Dilsukhnagar,80.0,1050,1,0,17.36855,78.52989,"BookMyShow, MediaAnt"
Hyderabad,Rajdhani Deluxe Theatre: Dilsukhnagar,90.0,628,1,0,17.36897,78.52737,"BookMyShow, MediaAnt"
Hyderabad,Rajyalakshmi 70mm: Uppal,55.0,662,1,0,17.39664,78.5603,BookMyShow
Hyderabad,Ramakrishna 70MM - Indra Cinemas: Abids,87.5,724,1,0,17.38591,78.47678,BookMyShow
Hyderabad,Ranga Theatre: Jeedimetla,80.0,1329,1,0,17.51207,78.44833,"BookMyShow, MediaAnt"
Hyderabad,Rukmini Cinema: Patancheru,70.0,956,1,0,17.53212,78.26473,"BookMyShow, Internet Research"
Hyderabad,Sai Ranga: Miyapur,76.66666667,1179,1,0,17.49551,78.35974,"BookMyShow, MediaAnt"
Hyderabad,Sampoorna 70mm: Vanasthalipuram,85.0,865,1,0,17.33121,78.57603,"BookMyShow, MediaAnt"
Hyderabad,Sandhya 35mm: RTC X Roads,100.0,1055,1,0,17.40691,78.49726,"BookMyShow, MediaAnt"
Hyderabad,Sandhya 70mm: RTC X Roads,100.0,1323,1,0,17.40691,78.49726,"BookMyShow, MediaAnt"
Hyderabad,Santosh Cinemas: Abids,90.0,812,1,0,17.39103,78.47569,"BookMyShow, Internet Research"
Hyderabad,Sapna Cinemas: Abids,80.0,552,1,0,17.39103,78.47569,"BookMyShow, Internet Research"
Hyderabad,"Sapthagiri 70Mm, Ashoknagar",95.06145388259617,1150,1,0,17.40743,78.496222,MediaAnt
Hyderabad,Sapthagiri Theatre: RTC X Roads,90.0,1150,1,0,17.40803,78.4968,"BookMyShow, Internet Research"
Hyderabad,Satyam Theatre: Ameerpet,60.0,1243,1,0,17.43715,78.44877,"BookMyShow, Internet Research"
Hyderabad,Select Talkies: Bolaram,60.0,566,1,0,17.51147,78.51067,"BookMyShow, MediaAnt"
Hyderabad,Sensation Insomnia: Khairatabad,80.0,555,1,0,17.40693,78.46363,"BookMyShow, MediaAnt"
Hyderabad,Sensation Sunshine: Khairatabad,80.0,850,1,0,17.40714,78.46361,"BookMyShow, MediaAnt"
Hyderabad,Shama Cinema: Hyderabad,46.66666667,712,1,0,17.34158,78.46565,"BookMyShow, MediaAnt"
Hyderabad,Shanti Theatre: Narayanaguda,86.66666667,1035,1,0,17.39622,78.48986,"BookMyShow, MediaAnt"
Hyderabad,Sharada 70mm: Kapra,70.0,861,1,0,17.48324,78.55533,"BookMyShow, MediaAnt"
Hyderabad,"Sheeshmahal Cinema, Begumpet",95.06145388259617,459,1,0,17.43461,78.448894,MediaAnt
Hyderabad,Shiva Parvathi Cinema: Kukatpally,100.0,1116,1,0,17.4966,78.39707,"BookMyShow, MediaAnt"
Hyderabad,"Shiva Theatre, Chaithanyapuri Colony",95.06145388259617,974,1,0,17.3610291,78.5229013,MediaAnt
Hyderabad,Sree Rama Theatre: Bahadurpura,80.0,796,1,0,17.35449,78.4573,"BookMyShow, MediaAnt"
Hyderabad,Sree Ramana 70MM: Amberpet,100.0,1111,1,0,17.39247,78.51578,"BookMyShow, MediaAnt"
Hyderabad,Sree Ramulu 70mm: Moosapet,70.0,849,1,0,17.46784,78.42939,"BookMyShow, MediaAnt"
Hyderabad,Sree Sai Puja: Suraram,100.0,864,1,0,17.54458,78.43474,"BookMyShow, MediaAnt"
Hyderabad,Sree Sai Raja Theatre: Musheerabad,70.0,777,1,0,17.41634,78.49944,"BookMyShow, MediaAnt"
Hyderabad,Sri Krishna 70MM: Uppal,70.0,939,1,0,17.40084,78.56788,"BookMyShow, MediaAnt"
Hyderabad,"Sri Lakshmi Deluxe, Main Road",95.06145388259617,629,1,0,17.494647,78.3977,MediaAnt
Hyderabad,Sri Lakshmi Deluxe: Karmanghat,80.0,629,1,0,17.34575,78.53156,"BookMyShow, MediaAnt"
Hyderabad,Sri Mayuri Theatre: RTC X Roads,86.66666667,941,1,0,17.40747,78.49604,"BookMyShow, MediaAnt"
Hyderabad,"Sri Sai Ram Theatre, MainRoad",95.06145388259617,600,1,0,17.368235,78.526694,MediaAnt
Hyderabad,Sri Sai Ram Theatre: Malkajgiri,55.0,700,1,0,17.44632,78.5354,"BookMyShow, MediaAnt"
Hyderabad,Sridevi Cinema: Chilakalguda,80.0,903,1,0,17.43143,78.51297,"BookMyShow, MediaAnt"
Hyderabad,Srilatha and Sridevi Complex: Chanda Nagar,55.0,2009,2,1,17.49805,78.3171,"BookMyShow, Internet Research"
Hyderabad,"Srinivas Theatre, Allapur",95.06145388259617,461,1,0,17.4345092,78.4467967,MediaAnt
Hyderabad,Srinivasa Talkies: Uppal,60.0,809,1,0,17.40106,78.56853,"BookMyShow, MediaAnt"
Hyderabad,SSV Cine Park: Patancheru,95.06145388259617,0,0,1,17.53196,78.27094,BookMyShow
Hyderabad,Sudarshan 35mm 4k & Dolby Atmos: RTC X Roads,118.0,1216,1,0,17.40646,78.49503,"BookMyShow, MediaAnt"
Hyderabad,"Suresh, Sitaphalmandi",95.06145388259617,956,1,0,17.4269211,78.5161231,MediaAnt
Hyderabad,Sushma Cinema: Vanasthalipuram,100.0,1022,1,0,17.3358,78.57353,"BookMyShow, MediaAnt"
Hyderabad,SVC Cinemas Eeshwar: Attapur,100.0,645,1,0,17.36645,78.42768,"BookMyShow, Internet Research"
Hyderabad,SVC Mahalakshmi Screen 1: Kothapet,100.0,659,1,0,17.36944,78.53973,"BookMyShow, Internet Research"
Hyderabad,SVC Mahalakshmi Screen 2: Kothapet,100.0,319,1,0,17.36944,78.53973,"BookMyShow, Internet Research"
Hyderabad,SVC Sangeetha Theatre: RC Puram,100.0,590,1,0,17.51352,78.2866,"BookMyShow, Internet Research"
Hyderabad,SVR's Siva Sakthi Theatre: Kapra,70.0,313,1,0,17.47652,78.56276,"BookMyShow, Internet Research"
Hyderabad,Talluri Theatres: Kushaiguda,69.5,1148,3,1,17.47771,78.57246,"BookMyShow, Internet Research"
Hyderabad,Tarakarama Cineplex: Kachiguda,90.0,980,1,0,17.39065,78.48796,"BookMyShow, MediaAnt"
Hyderabad,Tivoli Cinema: Extreme,118.0,912,1,0,17.44724,78.49246,"BookMyShow, MediaAnt"
Hyderabad,Tivoli Cinema: Hyderabad,118.0,453,3,1,17.44833,78.49304,BookMyShow
Hyderabad,"Usha Mayuri, Ashoknagar",95.06145388259617,749,1,0,17.405727,78.488421,MediaAnt
Hyderabad,Venkatadri Cinema 70MM: Dilsukhnagar,90.0,1263,1,0,17.36799,78.52345,"BookMyShow, MediaAnt"
Hyderabad,Venkataramana Cinema: Kachiguda,60.0,697,1,0,17.39069,78.49141,"BookMyShow, Internet Research"
Hyderabad,Vijetha 70MM: Borabanda,80.0,786,1,0,17.45421,78.41913,"BookMyShow, MediaAnt"
Hyderabad,Vimal 70mm: Balanagar,80.0,1010,1,0,17.46361,78.45124,"BookMyShow, MediaAnt"
Hyderabad,Vishnu Cinemas A/C DTS: Vanasthalipuram,85.0,935,1,0,17.33902,78.56577,"BookMyShow, MediaAnt"
Hyderabad,Viswanath 70MM Theater: Kukatpally,80.0,1204,1,0,17.49677,78.39703,"BookMyShow, MediaAnt"
Hyderabad,Vyjayanthi Cinema: Nacharam,100.0,711,1,0,17.42889,78.55238,"BookMyShow, MediaAnt"
Hyderabad,Yadagiri Theatre: Santosh Nagar,75.0,1076,1,0,17.34657,78.50888,"BookMyShow, MediaAnt"
Hyderabad,"Yakut Mahal Talkies, Yakutpura",95.06145388259617,521,1,0,17.3616553,78.4857269,MediaAnt
Kochi,"Ajantha Theatre, Mattancherry Jetty",119.55509767142858,620,1,0,9.9538634,76.2475442,MediaAnt
Kochi,"Cinemax: Oberon, Kochi",128.3472222,634,4,1,10.01432,76.31232,BookMyShow
Kochi,"Cinepolis: Centre Square Mall, Kochi",119.55509767142858,1488,8,1,9.9778687,76.2831729,Internet Research
Kochi,"Cinepolis: VIP Centre Square Mall, Kochi",119.55509767142858,235,3,1,9.9778687,76.2831729,Internet Research
Kochi,"Evm Cinema Studio, KSRTC Road",119.55509767142858,1220,4,1,9.9468236,76.2556623,MediaAnt
Kochi,EVM Kavitha Theatre 2K UFO: Ernakulam,110.0,1220,4,1,9.978573,76.28262,"BookMyShow, MediaAnt"
Kochi,"Jayalakshmi Talkies, Palluruthy",119.55509767142858,600,1,0,9.924479,76.2714001,MediaAnt
Kochi,"Jyothy, PP Road",119.55509767142858,713,1,0,9.9579586,76.2902266,MediaAnt
Kochi,"Kanoos Cinema, Panampilly Nagar",119.55509767142858,220,1,0,9.9598034,76.2892536,MediaAnt
Kochi,Padma Cinema Screen 1: Ernakulam,105.0,324,1,0,9.981755,76.2826,BookMyShow
Kochi,Padma Cinema Screen 2: Ernakulam,110.0,98,1,0,9.981755,76.2826,BookMyShow
Kochi,"Pratheeksha Theatre, Kumbalangi Road",119.55509767142858,670,1,0,9.9142577,76.2788272,MediaAnt
Kochi,Q Cinemas: Gold Souk Grande,159.5384615,1236,4,1,9.977553,76.31627,"BookMyShow, MediaAnt"
Kochi,Sarita Cinema: Kochi,110.0,2141,3,1,9.984626,76.27759,"BookMyShow, Internet Research"
Kochi,Sridar Cinemas: Ernakulam,114.0,530,1,0,9.979525,76.27683,"BookMyShow, Internet Research"
Kolkata,11D Adventureplex: Quest Mall,250.0,30,1,0,22.52575,88.35952,"BookMyShow, Internet Research"
Kolkata,7D Adventure Plex: Mani Square Mall,200.0,32,1,0,22.57758,88.4006,BookMyShow
Kolkata,"Aleya Cinema, Ballygunge RS",187.80483726826088,447,1,0,22.52022,88.367129,MediaAnt
Kolkata,Asoka Cinema: Behala,98.16666667,867,1,0,22.49382,88.31637,"BookMyShow, MediaAnt"
Kolkata,"Basusree, SP Mukherjee Road",187.80483726826088,1020,1,0,22.5226283,88.3462934,MediaAnt
Kolkata,"Bhabani Cinema, Indrani Park",187.80483726826088,665,1,0,22.5055091,88.3451152,MediaAnt
Kolkata,"Bijoli Cinema, Bhawanipore",187.80483726826088,921,1,0,22.5271158,88.34657,MediaAnt
Kolkata,Bina Cinema - Kolkatta,187.80483726826088,775,1,0,22.5814515,88.3658105,Internet Research
Kolkata,"Chabighar, Parsibagan",187.80483726826088,646,1,0,22.5795878,88.3724625,MediaAnt
Kolkata,"Cinepolis: Acropolis Mall, Kolkata",200.5,885,4,1,22.51558,88.39319,BookMyShow
Kolkata,"Cinepolis: Lake Mall, Kolkata",214.2045455,947,4,1,22.51652,88.34876,BookMyShow
Kolkata,"Crown Cinema, Dharmatala",187.80483726826088,1056,1,0,22.5598378,88.3582877,MediaAnt
Kolkata,"Darpana, Bidhan Sarani",187.80483726826088,690,1,0,22.5977679,88.372279,MediaAnt
Kolkata,"Elite Cinema, Dharmatala",187.80483726826088,1258,1,0,22.5630154,88.3538713,MediaAnt
Kolkata,"Ellora Cinema, Behala Municipal Market",187.80483726826088,2080,2,1,22.5000008,88.31873,MediaAnt
Kolkata,Hind INOX: Kolkata,178.2,710,2,1,22.56492,88.3591,"BookMyShow, Internet Research"
Kolkata,Indira Cinema: Kolkata,80.0,733,1,0,22.52712,88.34657,"BookMyShow, Internet Research"
Kolkata,"INOX: Forum Mall, Elgin Road",231.1720833,1015,4,1,22.53844,88.3513,"BookMyShow, Internet Research"
Kolkata,INOX: Hiland Park,171.452381,934,4,1,22.48339,88.39075,BookMyShow
Kolkata,INOX: Quest Mall,313.0919697,511,4,1,22.53914,88.36565,BookMyShow
Kolkata,INOX: Quest Mall (Insignia),608.3333333,162,3,1,22.53914,88.36565,BookMyShow
Kolkata,"INOX: South City, Kolkata",306.1619444,1426,6,1,22.50136,88.36196,"BookMyShow, MediaAnt"
Kolkata,"INOX: Swabhumi, Maulana Azad Sarani",166.7109259,1022,4,1,22.57114,88.40126,"BookMyShow, MediaAnt"
Kolkata,"Jagat, Sealdah",187.80483726826088,377,1,0,22.5714426,88.371308,MediaAnt
Kolkata,"Kamal Talkies, Garden Reach",187.80483726826088,848,1,0,22.5485444,88.2891741,MediaAnt
Kolkata,"Khatoon Mahal, Garden Reach",187.80483726826088,712,1,0,22.5486653,88.2809764,MediaAnt
Kolkata,"Liberty Cinema, Beadon Street",187.80483726826088,724,1,0,22.5887838,88.3632207,MediaAnt
Kolkata,London Paris: Mukti World Ballygunge,237.0,298,2,1,22.52623,88.36665,BookMyShow
Kolkata,"Malancha Cinema, Netaji Nagar",187.80483726826088,840,1,0,22.4870162,88.3506847,MediaAnt
Kolkata,"Mayur Cinema, Chittaranjan Avenue",187.80483726826088,853,1,0,22.5751236,88.3538911,MediaAnt
Kolkata,Menoka Cinema: Kolkata,130.0,790,1,0,22.51115,88.35068,"BookMyShow, Internet Research"
Kolkata,"Minar Cinema, R.G.Kar Medical College",187.80483726826088,849,1,0,22.5973062,88.3718559,MediaAnt
Kolkata,Mitra Cinema Hall: Kolkata,80.0,1146,1,0,22.59727,88.37205,"BookMyShow, Internet Research"
Kolkata,"Moonlight Cinema, Chittaranjan Avenue",187.80483726826088,780,1,0,22.5775595,88.3598131,MediaAnt
Kolkata,Navina Cinema: Tollygunge,110.1333333,983,1,0,22.501,88.34881,"BookMyShow, Internet Research"
Kolkata,"Netro, Dum Dum",187.80483726826088,684,1,0,22.6210274,88.3928183,MediaAnt
Kolkata,"New Empire Cinema, New Market",187.80483726826088,750,1,0,22.5605129,88.3514889,MediaAnt
Kolkata,"Padmasree Cinema, Jadavpore",187.80483726826088,730,1,0,22.4728672,88.37637,MediaAnt
Kolkata,Paradise Cinema: Kolkata,110.0,1063,1,0,22.5668,88.35196,"BookMyShow, Internet Research"
Kolkata,"Park Show House, Shakespeare Sarani",187.80483726826088,588,1,0,22.5462997,88.3622103,MediaAnt
Kolkata,"Prabhat Cinema, Barabazar",187.80483726826088,700,1,0,22.5789136,88.3606355,MediaAnt
Kolkata,Prachi Cinema: Kolkata,80.0,784,1,0,22.56487,88.36829,"BookMyShow, MediaAnt"
Kolkata,Priya Cinema: Rashbehari Avenue,152.0,793,1,0,22.51794,88.35438,BookMyShow
Kolkata,"PVR: Mani Square Mall, Kolkata",237.3840741,1208,4,1,22.57771,88.4009,"BookMyShow, MediaAnt"
Kolkata,"Ragini Cinema, Beliaghata",187.80483726826088,999,1,0,22.5616213,88.4063598,MediaAnt
Kolkata,"Regal Cinema, Dharmatala",187.80483726826088,500,1,0,22.5628269,88.3526567,MediaAnt
Kolkata,Regal Cinema: Kolkata,80.0,500,1,0,22.56284,88.35266,"BookMyShow, MediaAnt"
Kolkata,Roxy Talkies: Kolkata,85.0,730,1,0,22.56229,88.35205,"BookMyShow, MediaAnt"
Kolkata,"Star Theatre, Bidhan Sarani",187.80483726826088,685,1,0,22.5972365,88.3719017,MediaAnt
Kolkata,"Talkie Show House, Sibdas Bhaduri St",187.80483726826088,994,1,0,22.5985914,88.373945,MediaAnt
Mumbai,24 Karat: Jogeshwari,219.5555556,1527,4,1,19.14108,72.84372,BookMyShow
Mumbai,"Akash Cinema, Kurla North",198.14427274636358,388,1,0,19.0668861,72.8786582,MediaAnt
Mumbai,"Alankar Cinema, Ambewadi",198.14427274636358,942,1,0,18.9579554,72.8254315,MediaAnt
Mumbai,"Amar Theatre, Chembur",198.14427274636358,1155,1,0,19.0523111,72.9101544,MediaAnt
Mumbai,"Ashish Theatre, Chembur Extension",198.14427274636358,1000,1,0,19.039534,72.89525,MediaAnt
Mumbai,Bahar Cinema: Vile Parle (E),190.0,299,1,0,19.10867,72.85335,BookMyShow
Mumbai,"Bharat Chitra Mandir, Kurla North",198.14427274636358,398,2,1,19.071989,72.884082,MediaAnt
Mumbai,Bharat Cineplex: Kurla (W),175.0,398,2,1,19.06685,72.87733,"BookMyShow, MediaAnt"
Mumbai,"Carnival: Annex Mall, Borivali",174.1092593,636,4,1,19.21546,72.86812,"BookMyShow, MediaAnt"
Mumbai,"Carnival: Dreams Mall, Bhandup",138.2121212,1334,6,1,19.14617,72.93694,"BookMyShow, MediaAnt"
Mumbai,"Carnival: Harmony Mall, Oshiwara",160.06,433,2,1,19.15756,72.83473,BookMyShow
Mumbai,"Carnival: Huma, Kanjurmarg",136.6916667,1263,4,1,19.12873,72.92615,BookMyShow
Mumbai,"Carnival: IMAX, Wadala",196.5968254,1634,5,1,19.03122,72.881,"BookMyShow, MediaAnt"
Mumbai,"Carnival: Moviestar, Goregaon",123.8589744,1366,7,1,19.1513,72.84638,"BookMyShow, MediaAnt"
Mumbai,Carnival: R Mall Mulund,150.9619048,1353,4,1,19.18385,72.95173,BookMyShow
Mumbai,"Carnival: Sangam, Andheri",230.712963,1274,4,1,19.11239,72.86467,BookMyShow
Mumbai,Central Plaza: Girgaon,171.3333333,517,1,0,18.95464,72.81875,BookMyShow
Mumbai,Chandan Cinema: Juhu,155.75,587,1,0,19.1147,72.8269,BookMyShow
Mumbai,Chitra Cinema: Dadar (E),128.3333333,635,1,0,19.01336,72.84388,"BookMyShow, mediaAnt"
Mumbai,Cinemax: Andheri (E),118.0,362,1,0,19.11633,72.85641,BookMyShow
Mumbai,Cinemax: Goregaon (W),104.6666667,649,1,0,19.15758,72.84491,BookMyShow
Mumbai,"Cinemax: Infiniti Mall, Malad (W)",252.310119,904,5,1,19.18512,72.83401,"BookMyShow, Internet Research"
Mumbai,"Cinemax: R Odeon Mall, Ghatkopar (E)",158.3928571,1250,4,1,19.0796,72.90937,"BookMyShow, Internet Research"
Mumbai,"Cinepolis: Fun Republic Mall, Andheri (W)",260.0092593,1271,4,1,19.13469,72.83279,"BookMyShow, MediaAnt"
Mumbai,"Cinepolis: Magnet Mall, Bhandup (W)",210.2347222,956,6,1,19.14114,72.93097,"BookMyShow, MediaAnt"
Mumbai,Citylight Cinema: Mahim,181.25,252,1,0,19.03054,72.84139,BookMyShow
Mumbai,"Edward Talkies, Kalbadevi",198.14427274636358,509,1,0,18.945067,72.828944,MediaAnt
Mumbai,EROS Theatre,198.14427274636358,1204,1,0,18.932265,72.8279021,Internet Research
Mumbai,"Fun Cinemas: K Star Mall, Chembur",149.7530864,1253,5,1,19.05235,72.90172,"BookMyShow, MediaAnt"
Mumbai,G7 Multiplex: Bandra (W),98.66666667,2266,7,1,19.06148,72.83872,BookMyShow
Mumbai,Gold Cinema: Dadar (E),155.0,245,1,0,19.00916,72.84208,BookMyShow
Mumbai,Gold Cinema: Santacruz (W),205.3333333,420,1,0,19.08958,72.83912,BookMyShow
Mumbai,Gold Cinema: Sona Borivali (E),151.6666667,259,1,0,19.23479,72.86494,BookMyShow
Mumbai,"Gulshan Cinema, Ambewadi",198.14427274636358,725,1,0,18.9611893,72.8237326,MediaAnt
Mumbai,"Imperial Cinema Pvt Ltd., Ambewadi",198.14427274636358,816,1,0,18.9585704,72.8174214,MediaAnt
Mumbai,"INOX Laserplex: CR2, Nariman Point",496.005291,868,5,1,18.92648,72.82293,BookMyShow
Mumbai,"INOX: Inorbit Mall, Malad (W)",279.2494444,1212,7,1,19.17238,72.83547,BookMyShow
Mumbai,"INOX: Nakshatra Mall, Dadar (W)",167.3333333,272,1,0,19.0199,72.84133,BookMyShow
Mumbai,"INOX: Neelyog, Ghatkopar (E)",159.4047619,915,4,1,19.08522,72.90917,BookMyShow
Mumbai,"INOX: Raghuleela Mall, Kandivali (W)",194.4583333,1236,5,1,19.21345,72.84918,BookMyShow
Mumbai,"INOX: R-City, Ghatkopar",357.0008547,1220,9,1,19.09982,72.91545,BookMyShow
Mumbai,"INOX: Thakur Movie, Kandivali (E)",126.9166667,410,1,0,19.21198,72.87165,BookMyShow
Mumbai,"Kalpana Cinema, Kurla North",198.14427274636358,1188,1,0,19.0774572,72.8789704,MediaAnt
Mumbai,"Kamran Theatre, Kurla North",198.14427274636358,432,1,0,19.077327,72.8788352,MediaAnt
Mumbai,Kasturba Cinema: Malad,112.2222222,350,1,0,19.18786,72.84753,BookMyShow
Mumbai,"Kings Cinema, Kurla North",198.14427274636358,191,1,0,19.0774291,72.8789924,MediaAnt
Mumbai,"KSS Miniplex, Kurla North",198.14427274636358,182,3,1,19.0819265,72.8861376,MediaAnt
Mumbai,Le Reve (Globus): Bandra (W),195.5,259,1,0,19.05605,72.83383,BookMyShow
Mumbai,Liberty Cinema: Marine Lines,145.0,1115,1,0,18.94143,72.82727,BookMyShow
Mumbai,Maratha Mandir: Mumbai Central,60.0,1107,1,0,18.97133,72.82214,BookMyShow
Mumbai,Maxus Cinemas: Borivali (W),224.6354167,917,4,1,19.23223,72.82884,"BookMyShow, MediaAnt"
Mumbai,Maxus Cinemas: Saki Naka,194.9404762,951,4,1,19.09339,72.88374,BookMyShow
Mumbai,"Mayur Cinema, Subhash Lane",198.14427274636358,645,1,0,19.2020115,72.8450572,MediaAnt
Mumbai,"Metro INOX Cinemas, Marine Lines",198.14427274636358,1342,5,1,18.9430131,72.8288781,Internet Research
Mumbai,Miraj Anupam Cinemas: Goregaon (E),146.1666667,490,2,1,19.16545,72.85126,BookMyShow
Mumbai,Miraj Thakur Cinemas: Kandivali (E),196.875,668,1,0,19.20909,72.87242,BookMyShow
Mumbai,"Moti Cinema, Ambewadi",198.14427274636358,745,1,0,18.9583336,72.8265371,MediaAnt
Mumbai,Movietime Star City: Matunga (W),172.375,366,1,0,19.0286,72.8436,BookMyShow
Mumbai,Movietime Suburbia: Bandra (W),458.9,189,1,0,19.06099,72.83685,"BookMyShow, MediaAnt"
Mumbai,Movietime: Dahisar (E),140.5555556,354,1,0,19.25194,72.86307,BookMyShow
Mumbai,Movietime: Malad,161.4444444,403,3,1,19.18909,72.83519,BookMyShow
Mumbai,"Movietime: The Hub, Goregaon",178.6022487,1320,7,1,19.1548,72.85626,"BookMyShow, MediaAnt"
Mumbai,"Mukta A2 Cinemas: Jai Hind, Lalbaugh",158.0555556,350,2,1,18.98584,72.83596,BookMyShow
Mumbai,"Mukta A2 Cinemas: Topiwala, Goregaon",129.5462963,453,2,1,19.16381,72.84758,BookMyShow
Mumbai,Nandi Cinema: National Library Road,65.0,762,1,0,19.05546,72.83874,BookMyShow
Mumbai,Natraj Cinema: Chembur,65.0,746,1,0,19.06247,72.89922,BookMyShow
Mumbai,New Excelsior Mukta A2 Cinemas: Fort,160.25,596,1,0,18.93768,72.83344,BookMyShow
Mumbai,"New Shirin Talkies, Agripada",198.14427274636358,801,1,0,18.9811379,72.8260349,MediaAnt
Mumbai,"Nishat Talkies, Falkland Road",198.14427274636358,691,1,0,18.9620811,72.8237374,MediaAnt
Mumbai,"Palace Talkies, V J B Udyan",198.14427274636358,724,1,0,18.9759324,72.8331947,MediaAnt
Mumbai,Paradise E-Square Cinema: Mahim,102.2916667,502,1,0,19.0372,72.84256,BookMyShow
Mumbai,Plaza Cinema: Dadar,227.5,691,1,0,19.02185,72.84276,BookMyShow
Mumbai,Premier Gold: Dongri,110.8333333,330,1,0,18.96089,72.83809,BookMyShow
Mumbai,Premiere Cinema: Dadar (E),132.5,465,1,0,19.00752,72.84061,BookMyShow
Mumbai,PVR ICON: Versova,290.9197531,844,4,1,19.14147,72.83059,BookMyShow
Mumbai,PVR ICON: Versova (Gold),616.6666667,86,2,1,19.14147,72.83059,BookMyShow
Mumbai,"PVR: Citi Mall, Andheri (W)",265.4938272,864,4,1,19.13854,72.83122,"BookMyShow, MediaAnt"
Mumbai,"PVR: Dynamix, Juhu",277.4550265,1279,5,1,19.11482,72.82753,"BookMyShow, MediaAnt"
Mumbai,"PVR: Growel, Kandivali (E)",228.452381,482,4,1,19.20261,72.86005,BookMyShow
Mumbai,"PVR: Market City, Kurla (4DX)",398.2142857,288,2,1,19.08571,72.88842,BookMyShow
Mumbai,"PVR: Market City, Kurla (Gold)",530.0,137,2,1,19.08571,72.88842,BookMyShow
Mumbai,"PVR: Market City, Kurla (Premiere)",243.723545,910,5,1,19.08571,72.88842,BookMyShow
Mumbai,"PVR: Milap, Kandivali (W)",197.5,325,2,1,19.19617,72.84706,BookMyShow
Mumbai,"PVR: Nirmal Lifestyle, Mulund (W)",172.7777778,1815,6,1,19.16732,72.93695,"BookMyShow, MediaAnt"
Mumbai,"PVR: Oberoi Mall, Goregaon (E)",264.9142857,1782,6,1,19.17399,72.86125,"BookMyShow, MediaAnt"
Mumbai,"PVR: Phoenix, Kotak IMAX, Lower Parel",267.3333333,444,1,0,18.9952,72.82407,BookMyShow
Mumbai,"PVR: Phoenix, Lower Parel",337.8737374,1760,7,1,18.9952,72.82407,BookMyShow
Mumbai,PVR: Sion,172.8125,730,3,1,19.04175,72.86422,"BookMyShow, MediaAnt"
Mumbai,"PVR: Sona Shopping Centre, Kandivali (W)",125.4166667,287,1,0,19.20243,72.8511,BookMyShow
Mumbai,Regal Cinema: Colaba,166.0,1178,1,0,18.92472,72.83243,BookMyShow
Mumbai,"RNA Play Cinema: Kalanagar, Bandra (E)",280.0,195,1,0,19.06131,72.85097,BookMyShow
Mumbai,Roxy Cinema: Charni Road,175.3333333,343,1,0,18.95486,72.81667,BookMyShow
Mumbai,"Royal Talkies, Falkland Road",198.14427274636358,708,1,0,18.9614956,72.8238455,MediaAnt
Mumbai,Sangeeta Cineplex: Malad,128.45,178,1,0,19.18976,72.85168,BookMyShow
Mumbai,"Shalimar Cinema, Bharat Nagar",198.14427274636358,704,1,0,18.9616462,72.8210111,MediaAnt
Mumbai,"Sharad Talkies, Chembur",198.14427274636358,400,1,0,19.0506621,72.9104431,MediaAnt
Mumbai,Sharada Cinema: Dadar (E),55.0,1104,1,0,19.01385,72.84666,"BookMyShow, MediaAnt"
Mumbai,"Sheetal Cinema, Kurla North",198.14427274636358,993,1,0,19.0825802,72.8822279,MediaAnt
Mumbai,"Shri Krishna Cinema, Bhandup Ind. Estate",198.14427274636358,766,1,0,19.151394,72.936919,MediaAnt
Mumbai,"Silver Cinema, Ambewadi",198.14427274636358,636,1,0,18.9586775,72.8254684,MediaAnt
Mumbai,Sterling Cineplex: Fort,167.5416667,900,3,1,18.93838,72.83307,BookMyShow
Mumbai,Sun City: Vile Parle,180.2083333,615,2,1,19.10541,72.84651,BookMyShow
Mumbai,"Super Cinema, Bharat Nagar",198.14427274636358,822,1,0,18.9620626,72.8209921,MediaAnt
Mumbai,Super Cinema: Grant Road,198.14427274636358,822,1,0,18.962068,72.821162,Internet Research
